time	press	temp
1532993245.7072158	101.4162994137255	20.37336352057755
