time	press	temp
1532993258.3308182	101.30263400414377	20.37336352057755
