time	press	temp
1532993225.0017009	101.4162994137255	20.37336352057755
1532993225.5195124	100.96163777539856	20.37336352057755
