time	press	temp
1533008381.4031124	101.26054181710032	6.682933765649795
1533008386.4256842	101.2849597061702	7.544144575592363
