time	press	temp
1532993260.6795769	101.18896859456203	20.37336352057755
